year,month,temp,dec_year
1878,1,6.6,1878.0
1878,13,12.76,1878.0
1878,2,8.1,1878.0833333333333
1878,3,8.5,1878.1666666666667
1878,4,13.0,1878.25
1878,5,15.7,1878.3333333333333
1878,6,19.8,1878.4166666666667
1878,7,21.4,1878.5
1878,8,20.1,1878.5833333333333
1878,9,17.5,1878.6666666666667
1878,10,13.5,1878.75
1878,11,5.9,1878.8333333333333
1878,12,2.7,1878.9166666666667
1879,1,1.7,1879.0
1879,13,10.52,1879.0
1879,2,5.2,1879.0833333333333
1879,3,8.1,1879.1666666666667
1879,4,9.3,1879.25
1879,5,12.9,1879.3333333333333
1879,6,16.4,1879.4166666666667
1879,7,16.6,1879.5
1879,8,17.9,1879.5833333333333
1879,9,16.1,1879.6666666666667
1879,10,11.7,1879.75
1879,11,6.5,1879.8333333333333
1879,12,3.5,1879.9166666666667
1880,1,3.1,1880.0
1880,13,12.54,1880.0
1880,2,8.6,1880.0833333333333
1880,3,10.3,1880.1666666666667
1880,4,11.3,1880.25
1880,5,15.1,1880.3333333333333
1880,6,17.8,1880.4166666666667
1880,7,19.2,1880.5
1880,8,20.2,1880.5833333333333
1880,9,18.3,1880.6666666666667
1880,10,10.4,1880.75
1880,11,8.6,1880.8333333333333
1880,12,7.5,1880.9166666666667
1881,1,1.3,1881.0
1881,13,12.12,1881.0
1881,2,5.3,1881.0833333333333
1881,3,8.9,1881.1666666666667
1881,4,11.4,1881.25
1881,5,17.0,1881.3333333333333
1881,6,17.9,1881.4166666666667
1881,7,20.9,1881.5
1881,8,17.6,1881.5833333333333
1881,9,16.4,1881.6666666666667
1881,10,10.5,1881.75
1881,11,11.6,1881.8333333333333
1881,12,6.3,1881.9166666666667
1882,1,7.4,1882.0
1882,13,12.99,1882.0
1882,2,8.6,1882.0833333333333
1882,3,11.4,1882.1666666666667
1882,4,12.3,1882.25
1882,5,16.5,1882.3333333333333
1882,6,17.1,1882.4166666666667
1882,7,19.3,1882.5
1882,8,18.9,1882.5833333333333
1882,9,16.3,1882.6666666666667
1882,10,12.9,1882.75
1882,11,8.5,1882.8333333333333
1882,12,6.3,1882.9166666666667
1883,1,7.2,1883.0
1883,13,12.7,1883.0
1883,2,9.0,1883.0833333333333
1883,3,5.9,1883.1666666666667
1883,4,12.9,1883.25
1883,5,15.1,1883.3333333333333
1883,6,18.5,1883.4166666666667
1883,7,18.6,1883.5
1883,8,19.8,1883.5833333333333
1883,9,16.9,1883.6666666666667
1883,10,12.7,1883.75
1883,11,8.8,1883.8333333333333
1883,12,6.9,1883.9166666666667
1884,1,8.7,1884.0
1884,13,13.61,1884.0
1884,2,8.0,1884.0833333333333
1884,3,10.0,1884.1666666666667
1884,4,11.4,1884.25
1884,5,16.4,1884.3333333333333
1884,6,19.1,1884.4166666666667
1884,7,20.5,1884.5
1884,8,22.6,1884.5833333333333
1884,9,18.5,1884.6666666666667
1884,10,13.0,1884.75
1884,11,8.2,1884.8333333333333
1884,12,6.6,1884.9166666666667
1885,1,5.1,1885.0
1885,13,12.29,1885.0
1885,2,8.7,1885.0833333333333
1885,3,8.4,1885.1666666666667
1885,4,11.9,1885.25
1885,5,13.2,1885.3333333333333
1885,6,18.8,1885.4166666666667
1885,7,21.5,1885.5
1885,8,17.9,1885.5833333333333
1885,9,16.5,1885.6666666666667
1885,10,10.6,1885.75
1885,11,8.2,1885.8333333333333
1885,12,6.5,1885.9166666666667
1886,1,4.5,1886.0
1886,13,12.17,1886.0
1886,2,3.7,1886.0833333333333
1886,3,7.2,1886.1666666666667
1886,4,11.6,1886.25
1886,5,14.5,1886.3333333333333
1886,6,18.1,1886.4166666666667
1886,7,20.5,1886.5
1886,8,20.2,1886.5833333333333
1886,9,17.5,1886.6666666666667
1886,10,14.1,1886.75
1886,11,9.0,1886.8333333333333
1886,12,4.6,1886.9166666666667
1887,1,5.1,1887.0
1887,13,12.22,1887.0
1887,2,7.1,1887.0833333333333
1887,3,6.9,1887.1666666666667
1887,4,10.7,1887.25
1887,5,13.2,1887.3333333333333
1887,6,21.0,1887.4166666666667
1887,7,22.8,1887.5
1887,8,21.2,1887.5833333333333
1887,9,15.4,1887.6666666666667
1887,10,10.8,1887.75
1887,11,6.9,1887.8333333333333
1887,12,5.2,1887.9166666666667
1888,1,5.7,1888.0
1888,13,11.58,1888.0
1888,2,4.1,1888.0833333333333
1888,3,5.8,1888.1666666666667
1888,4,9.7,1888.25
1888,5,15.5,1888.3333333333333
1888,6,17.4,1888.4166666666667
1888,7,17.1,1888.5
1888,8,18.0,1888.5833333333333
1888,9,16.1,1888.6666666666667
1888,10,12.1,1888.75
1888,11,9.8,1888.8333333333333
1888,12,7.4,1888.9166666666667
1889,1,5.8,1889.0
1889,13,12.48,1889.0
1889,2,5.9,1889.0833333333333
1889,3,8.1,1889.1666666666667
1889,4,10.5,1889.25
1889,5,16.8,1889.3333333333333
1889,6,20.2,1889.4166666666667
1889,7,19.6,1889.5
1889,8,18.6,1889.5833333333333
1889,9,16.5,1889.6666666666667
1889,10,11.8,1889.75
1889,11,9.5,1889.8333333333333
1889,12,6.0,1889.9166666666667
1890,1,8.7,1890.0
1890,13,12.39,1890.0
1890,2,5.8,1890.0833333333333
1890,3,9.8,1890.1666666666667
1890,4,11.3,1890.25
1890,5,16.5,1890.3333333333333
1890,6,17.7,1890.4166666666667
1890,7,18.4,1890.5
1890,8,18.0,1890.5833333333333
1890,9,18.9,1890.6666666666667
1890,10,13.2,1890.75
1890,11,8.8,1890.8333333333333
1890,12,1.2,1890.9166666666667
1891,1,4.2,1891.0
1891,13,12.15,1891.0
1891,2,8.2,1891.0833333333333
1891,3,7.1,1891.1666666666667
1891,4,10.1,1891.25
1891,5,13.7,1891.3333333333333
1891,6,19.3,1891.4166666666667
1891,7,19.2,1891.5
1891,8,17.6,1891.5833333333333
1891,9,18.3,1891.6666666666667
1891,10,12.7,1891.75
1891,11,8.3,1891.8333333333333
1891,12,7.0,1891.9166666666667
1892,1,4.9,1892.0
1892,13,11.86,1892.0
1892,2,6.2,1892.0833333333333
1892,3,6.3,1892.1666666666667
1892,4,12.9,1892.25
1892,5,16.2,1892.3333333333333
1892,6,18.1,1892.4166666666667
1892,7,18.1,1892.5
1892,8,19.3,1892.5833333333333
1892,9,15.9,1892.6666666666667
1892,10,10.5,1892.75
1892,11,9.2,1892.8333333333333
1892,12,4.6,1892.9166666666667
1893,1,4.5,1893.0
1893,13,14.11,1893.0
1893,2,7.2,1893.0833333333333
1893,3,12.5,1893.1666666666667
1893,4,16.5,1893.25
1893,5,18.2,1893.3333333333333
1893,6,21.0,1893.4166666666667
1893,7,20.5,1893.5
1893,8,22.0,1893.5833333333333
1893,9,17.2,1893.6666666666667
1893,10,13.4,1893.75
1893,11,8.2,1893.8333333333333
1893,12,7.7,1893.9166666666667
1894,1,5.9,1894.0
1894,13,12.7,1894.0
1894,2,8.0,1894.0833333333333
1894,3,11.2,1894.1666666666667
1894,4,14.2,1894.25
1894,5,13.1,1894.3333333333333
1894,6,17.6,1894.4166666666667
1894,7,19.9,1894.5
1894,8,17.3,1894.5833333333333
1894,9,15.0,1894.6666666666667
1894,10,12.1,1894.75
1894,11,10.3,1894.8333333333333
1894,12,7.5,1894.9166666666667
1895,1,2.4,1895.0
1895,13,12.47,1895.0
1895,2,1.6,1895.0833333333333
1895,3,8.5,1895.1666666666667
1895,4,12.1,1895.25
1895,5,17.7,1895.3333333333333
1895,6,20.2,1895.4166666666667
1895,7,19.1,1895.5
1895,8,19.7,1895.5833333333333
1895,9,20.8,1895.6666666666667
1895,10,10.6,1895.75
1895,11,10.1,1895.8333333333333
1895,12,6.2,1895.9166666666667
1896,1,7.0,1896.0
1896,13,12.91,1896.0
1896,2,7.6,1896.0833333333333
1896,3,10.0,1896.1666666666667
1896,4,13.0,1896.25
1896,5,17.3,1896.3333333333333
1896,6,21.0,1896.4166666666667
1896,7,21.1,1896.5
1896,8,18.3,1896.5833333333333
1896,9,16.0,1896.6666666666667
1896,10,10.1,1896.75
1896,11,7.1,1896.8333333333333
1896,12,6.2,1896.9166666666667
1897,1,3.6,1897.0
1897,13,12.9,1897.0
1897,2,8.1,1897.0833333333333
1897,3,9.4,1897.1666666666667
1897,4,10.7,1897.25
1897,5,14.7,1897.3333333333333
1897,6,19.4,1897.4166666666667
1897,7,21.3,1897.5
1897,8,20.4,1897.5833333333333
1897,9,15.9,1897.6666666666667
1897,10,13.4,1897.75
1897,11,10.3,1897.8333333333333
1897,12,7.3,1897.9166666666667
1898,1,8.7,1898.0
1898,13,13.62,1898.0
1898,2,7.6,1898.0833333333333
1898,3,7.8,1898.1666666666667
1898,4,12.7,1898.25
1898,5,13.8,1898.3333333333333
1898,6,17.9,1898.4166666666667
1898,7,20.1,1898.5
1898,8,20.9,1898.5833333333333
1898,9,20.2,1898.6666666666667
1898,10,14.0,1898.75
1898,11,9.7,1898.8333333333333
1898,12,9.7,1898.9166666666667
1899,1,7.5,1899.0
1899,13,13.63,1899.0
1899,2,8.6,1899.0833333333333
1899,3,9.6,1899.1666666666667
1899,4,11.1,1899.25
1899,5,14.1,1899.3333333333333
1899,6,21.3,1899.4166666666667
1899,7,21.9,1899.5
1899,8,23.3,1899.5833333333333
1899,9,17.1,1899.6666666666667
1899,10,13.0,1899.75
1899,11,11.1,1899.8333333333333
1899,12,4.7,1899.9166666666667
1900,1,6.7,1900.0
1900,13,13.14,1900.0
1900,2,5.3,1900.0833333333333
1900,3,6.7,1900.1666666666667
1900,4,12.8,1900.25
1900,5,14.4,1900.3333333333333
1900,6,18.9,1900.4166666666667
1900,7,22.7,1900.5
1900,8,19.1,1900.5833333333333
1900,9,18.1,1900.6666666666667
1900,10,13.2,1900.75
1900,11,9.7,1900.8333333333333
1900,12,9.6,1900.9166666666667
1901,1,6.0,1901.0
1901,13,12.89,1901.0
1901,2,4.8,1901.0833333333333
1901,3,7.1,1901.1666666666667
1901,4,13.1,1901.25
1901,5,16.8,1901.3333333333333
1901,6,18.7,1901.4166666666667
1901,7,22.8,1901.5
1901,8,20.0,1901.5833333333333
1901,9,17.6,1901.6666666666667
1901,10,13.3,1901.75
1901,11,7.9,1901.8333333333333
1901,12,6.0,1901.9166666666667
1902,1,7.1,1902.0
1902,13,12.23,1902.0
1902,2,4.2,1902.0833333333333
1902,3,10.2,1902.1666666666667
1902,4,11.9,1902.25
1902,5,12.8,1902.3333333333333
1902,6,18.0,1902.4166666666667
1902,7,19.0,1902.5
1902,8,18.2,1902.5833333333333
1902,9,16.8,1902.6666666666667
1902,10,12.3,1902.75
1902,11,9.1,1902.8333333333333
1902,12,6.6,1902.9166666666667
1903,1,6.4,1903.0
1903,13,12.53,1903.0
1903,2,9.7,1903.0833333333333
1903,3,10.2,1903.1666666666667
1903,4,10.2,1903.25
1903,5,15.3,1903.3333333333333
1903,6,17.2,1903.4166666666667
1903,7,19.3,1903.5
1903,8,17.9,1903.5833333333333
1903,9,16.8,1903.6666666666667
1903,10,13.0,1903.75
1903,11,9.1,1903.8333333333333
1903,12,5.1,1903.9166666666667
1904,1,6.5,1904.0
1904,13,12.51,1904.0
1904,2,5.6,1904.0833333333333
1904,3,7.4,1904.1666666666667
1904,4,12.2,1904.25
1904,5,14.7,1904.3333333333333
1904,6,17.8,1904.4166666666667
1904,7,21.8,1904.5
1904,8,19.5,1904.5833333333333
1904,9,16.7,1904.6666666666667
1904,10,13.1,1904.75
1904,11,8.3,1904.8333333333333
1904,12,6.2,1904.9166666666667
1905,1,6.2,1905.0
1905,13,12.6,1905.0
1905,2,7.6,1905.0833333333333
1905,3,10.2,1905.1666666666667
1905,4,10.5,1905.25
1905,5,15.7,1905.3333333333333
1905,6,19.1,1905.4166666666667
1905,7,21.6,1905.5
1905,8,18.6,1905.5833333333333
1905,9,15.8,1905.6666666666667
1905,10,10.7,1905.75
1905,11,7.7,1905.8333333333333
1905,12,7.1,1905.9166666666667
1906,1,7.8,1906.0
1906,13,13.21,1906.0
1906,2,5.9,1906.0833333333333
1906,3,8.5,1906.1666666666667
1906,4,12.5,1906.25
1906,5,14.1,1906.3333333333333
1906,6,19.1,1906.4166666666667
1906,7,20.6,1906.5
1906,8,21.4,1906.5833333333333
1906,9,18.8,1906.6666666666667
1906,10,13.9,1906.75
1906,11,9.9,1906.8333333333333
1906,12,5.5,1906.9166666666667
1907,1,6.1,1907.0
1907,13,12.41,1907.0
1907,2,5.8,1907.0833333333333
1907,3,11.2,1907.1666666666667
1907,4,11.5,1907.25
1907,5,14.3,1907.3333333333333
1907,6,15.8,1907.4166666666667
1907,7,18.2,1907.5
1907,8,18.1,1907.5833333333333
1907,9,18.2,1907.6666666666667
1907,10,13.1,1907.75
1907,11,9.3,1907.8333333333333
1907,12,6.9,1907.9166666666667
1908,1,5.2,1908.0
1908,13,12.79,1908.0
1908,2,8.2,1908.0833333333333
1908,3,7.5,1908.1666666666667
1908,4,9.6,1908.25
1908,5,16.5,1908.3333333333333
1908,6,19.2,1908.4166666666667
1908,7,20.2,1908.5
1908,8,18.7,1908.5833333333333
1908,9,16.4,1908.6666666666667
1908,10,15.3,1908.75
1908,11,10.3,1908.8333333333333
1908,12,6.2,1908.9166666666667
1909,1,6.0,1909.0
1909,13,12.2,1909.0
1909,2,6.3,1909.0833333333333
1909,3,6.7,1909.1666666666667
1909,4,13.8,1909.25
1909,5,16.6,1909.3333333333333
1909,6,15.5,1909.4166666666667
1909,7,18.2,1909.5
1909,8,19.8,1909.5833333333333
1909,9,15.3,1909.6666666666667
1909,10,13.3,1909.75
1909,11,7.8,1909.8333333333333
1909,12,6.7,1909.9166666666667
1910,1,6.3,1910.0
1910,13,12.6,1910.0
1910,2,7.9,1910.0833333333333
1910,3,10.1,1910.1666666666667
1910,4,10.9,1910.25
1910,5,15.7,1910.3333333333333
1910,6,18.9,1910.4166666666667
1910,7,17.8,1910.5
1910,8,18.7,1910.5833333333333
1910,9,16.3,1910.6666666666667
1910,10,13.2,1910.75
1910,11,6.4,1910.8333333333333
1910,12,8.6,1910.9166666666667
1911,1,6.1,1911.0
1911,13,13.88,1911.0
1911,2,7.8,1911.0833333333333
1911,3,8.1,1911.1666666666667
1911,4,11.1,1911.25
1911,5,17.8,1911.3333333333333
1911,6,19.1,1911.4166666666667
1911,7,24.0,1911.5
1911,8,23.2,1911.5833333333333
1911,9,18.9,1911.6666666666667
1911,10,12.6,1911.75
1911,11,8.7,1911.8333333333333
1911,12,8.6,1911.9166666666667
1912,1,6.0,1912.0
1912,13,12.82,1912.0
1912,2,8.2,1912.0833333333333
1912,3,10.0,1912.1666666666667
1912,4,13.9,1912.25
1912,5,16.4,1912.3333333333333
1912,6,17.7,1912.4166666666667
1912,7,19.8,1912.5
1912,8,16.0,1912.5833333333333
1912,9,14.6,1912.6666666666667
1912,10,12.6,1912.75
1912,11,9.0,1912.8333333333333
1912,12,9.5,1912.9166666666667
1913,1,6.9,1913.0
1913,13,13.31,1913.0
1913,2,7.8,1913.0833333333333
1913,3,9.7,1913.1666666666667
1913,4,11.5,1913.25
1913,5,15.8,1913.3333333333333
1913,6,18.7,1913.4166666666667
1913,7,18.5,1913.5
1913,8,19.7,1913.5833333333333
1913,9,17.7,1913.6666666666667
1913,10,14.1,1913.75
1913,11,11.7,1913.8333333333333
1913,12,7.3,1913.9166666666667
1914,1,6.1,1914.0
1914,13,13.7,1914.0
1914,2,9.9,1914.0833333333333
1914,3,9.3,1914.1666666666667
1914,4,15.0,1914.25
1914,5,15.2,1914.3333333333333
1914,6,19.4,1914.4166666666667
1914,7,19.9,1914.5
1914,8,20.6,1914.5833333333333
1914,9,18.2,1914.6666666666667
1914,10,13.7,1914.75
1914,11,9.9,1914.8333333333333
1914,12,7.1,1914.9166666666667
1915,1,6.2,1915.0
1915,13,12.72,1915.0
1915,2,7.2,1915.0833333333333
1915,3,8.6,1915.1666666666667
1915,4,12.2,1915.25
1915,5,15.9,1915.3333333333333
1915,6,20.0,1915.4166666666667
1915,7,18.5,1915.5
1915,8,19.2,1915.5833333333333
1915,9,18.0,1915.6666666666667
1915,10,12.4,1915.75
1915,11,6.0,1915.8333333333333
1915,12,8.1,1915.9166666666667
1916,1,10.3,1916.0
1916,13,12.72,1916.0
1916,2,6.5,1916.0833333333333
1916,3,5.9,1916.1666666666667
1916,4,12.6,1916.25
1916,5,16.3,1916.3333333333333
1916,6,15.7,1916.4166666666667
1916,7,19.8,1916.5
1916,8,20.8,1916.5833333333333
1916,9,16.7,1916.6666666666667
1916,10,13.6,1916.75
1916,11,9.6,1916.8333333333333
1916,12,4.6,1916.9166666666667
1917,1,3.1,1917.0
1917,13,12.12,1917.0
1917,2,3.8,1917.0833333333333
1917,3,6.6,1917.1666666666667
1917,4,9.4,1917.25
1917,5,18.0,1917.3333333333333
1917,6,20.1,1917.4166666666667
1917,7,20.8,1917.5
1917,8,18.5,1917.5833333333333
1917,9,17.7,1917.6666666666667
1917,10,11.4,1917.75
1917,11,10.5,1917.8333333333333
1917,12,5.0,1917.9166666666667
1918,1,6.7,1918.0
1918,13,13.2,1918.0
1918,2,9.0,1918.0833333333333
1918,3,9.6,1918.1666666666667
1918,4,10.3,1918.25
1918,5,18.1,1918.3333333333333
1918,6,18.3,1918.4166666666667
1918,7,20.0,1918.5
1918,8,20.4,1918.5833333333333
1918,9,15.1,1918.6666666666667
1918,10,12.4,1918.75
1918,11,8.8,1918.8333333333333
1918,12,9.3,1918.9166666666667
1919,1,5.2,1919.0
1919,13,12.2,1919.0
1919,2,4.4,1919.0833333333333
1919,3,6.6,1919.1666666666667
1919,4,11.1,1919.25
1919,5,18.6,1919.3333333333333
1919,6,19.2,1919.4166666666667
1919,7,18.0,1919.5
1919,8,20.3,1919.5833333333333
1919,9,16.9,1919.6666666666667
1919,10,11.5,1919.75
1919,11,5.8,1919.8333333333333
1919,12,8.2,1919.9166666666667
1920,1,8.0,1920.0
1920,13,12.99,1920.0
1920,2,9.3,1920.0833333333333
1920,3,11.0,1920.1666666666667
1920,4,11.0,1920.25
1920,5,15.9,1920.3333333333333
1920,6,18.8,1920.4166666666667
1920,7,17.4,1920.5
1920,8,17.3,1920.5833333333333
1920,9,17.1,1920.6666666666667
1920,10,13.8,1920.75
1920,11,9.8,1920.8333333333333
1920,12,6.4,1920.9166666666667
1921,1,9.4,1921.0
1921,13,14.47,1921.0
1921,2,7.7,1921.0833333333333
1921,3,10.9,1921.1666666666667
1921,4,12.7,1921.25
1921,5,16.5,1921.3333333333333
1921,6,20.0,1921.4166666666667
1921,7,24.4,1921.5
1921,8,19.1,1921.5833333333333
1921,9,18.7,1921.6666666666667
1921,10,17.1,1921.75
1921,11,7.3,1921.8333333333333
1921,12,9.2,1921.9166666666667
1922,1,6.3,1922.0
1922,13,12.2,1922.0
1922,2,7.3,1922.0833333333333
1922,3,7.4,1922.1666666666667
1922,4,9.5,1922.25
1922,5,17.9,1922.3333333333333
1922,6,18.5,1922.4166666666667
1922,7,17.4,1922.5
1922,8,17.2,1922.5833333333333
1922,9,15.8,1922.6666666666667
1922,10,11.7,1922.75
1922,11,9.1,1922.8333333333333
1922,12,8.0,1922.9166666666667
1923,1,8.4,1923.0
1923,13,12.49,1923.0
1923,2,8.0,1923.0833333333333
1923,3,9.7,1923.1666666666667
1923,4,11.2,1923.25
1923,5,13.0,1923.3333333333333
1923,6,16.1,1923.4166666666667
1923,7,21.7,1923.5
1923,8,19.4,1923.5833333333333
1923,9,16.5,1923.6666666666667
1923,10,12.6,1923.75
1923,11,6.3,1923.8333333333333
1923,12,6.6,1923.9166666666667
1924,1,7.1,1924.0
1924,13,12.55,1924.0
1924,2,5.8,1924.0833333333333
1924,3,8.4,1924.1666666666667
1924,4,11.0,1924.25
1924,5,15.5,1924.3333333333333
1924,6,17.7,1924.4166666666667
1924,7,19.5,1924.5
1924,8,17.7,1924.5833333333333
1924,9,16.2,1924.6666666666667
1924,10,13.0,1924.75
1924,11,9.5,1924.8333333333333
1924,12,8.9,1924.9166666666667
1925,1,7.8,1925.0
1925,13,12.72,1925.0
1925,2,7.9,1925.0833333333333
1925,3,7.9,1925.1666666666667
1925,4,11.4,1925.25
1925,5,15.7,1925.3333333333333
1925,6,20.5,1925.4166666666667
1925,7,21.4,1925.5
1925,8,19.1,1925.5833333333333
1925,9,15.1,1925.6666666666667
1925,10,13.8,1925.75
1925,11,6.4,1925.8333333333333
1925,12,5.3,1925.9166666666667
1926,1,7.2,1926.0
1926,13,13.13,1926.0
1926,2,9.1,1926.0833333333333
1926,3,9.4,1926.1666666666667
1926,4,13.4,1926.25
1926,5,14.2,1926.3333333333333
1926,6,18.1,1926.4166666666667
1926,7,21.0,1926.5
1926,8,20.4,1926.5833333333333
1926,9,18.1,1926.6666666666667
1926,10,11.4,1926.75
1926,11,8.6,1926.8333333333333
1926,12,6.5,1926.9166666666667
1927,1,7.1,1927.0
1927,13,12.47,1927.0
1927,2,6.7,1927.0833333333333
1927,3,10.4,1927.1666666666667
1927,4,11.6,1927.25
1927,5,16.1,1927.3333333333333
1927,6,16.7,1927.4166666666667
1927,7,19.3,1927.5
1927,8,19.3,1927.5833333333333
1927,9,15.6,1927.6666666666667
1927,10,13.9,1927.75
1927,11,8.8,1927.8333333333333
1927,12,3.7,1927.9166666666667
1928,1,8.3,1928.0
1928,13,13.24,1928.0
1928,2,8.9,1928.0833333333333
1928,3,9.4,1928.1666666666667
1928,4,12.5,1928.25
1928,5,15.4,1928.3333333333333
1928,6,17.1,1928.4166666666667
1928,7,20.8,1928.5
1928,8,19.2,1928.5833333333333
1928,9,17.3,1928.6666666666667
1928,10,13.4,1928.75
1928,11,10.3,1928.8333333333333
1928,12,6.1,1928.9166666666667
1929,1,3.3,1929.0
1929,13,12.98,1929.0
1929,2,3.1,1929.0833333333333
1929,3,12.0,1929.1666666666667
1929,4,10.9,1929.25
1929,5,16.1,1929.3333333333333
1929,6,17.7,1929.4166666666667
1929,7,20.9,1929.5
1929,8,19.6,1929.5833333333333
1929,9,20.5,1929.6666666666667
1929,10,13.0,1929.75
1929,11,9.7,1929.8333333333333
1929,12,8.2,1929.9166666666667
1930,1,8.2,1930.0
1930,13,12.8,1930.0
1930,2,4.6,1930.0833333333333
1930,3,8.7,1930.1666666666667
1930,4,11.5,1930.25
1930,5,14.7,1930.3333333333333
1930,6,20.1,1930.4166666666667
1930,7,18.8,1930.5
1930,8,19.8,1930.5833333333333
1930,9,16.9,1930.6666666666667
1930,10,13.6,1930.75
1930,11,9.3,1930.8333333333333
1930,12,6.8,1930.9166666666667
1931,1,6.0,1931.0
1931,13,12.38,1931.0
1931,2,6.6,1931.0833333333333
1931,3,8.2,1931.1666666666667
1931,4,10.9,1931.25
1931,5,15.5,1931.3333333333333
1931,6,18.2,1931.4166666666667
1931,7,18.7,1931.5
1931,8,18.1,1931.5833333333333
1931,9,14.9,1931.6666666666667
1931,10,12.8,1931.75
1931,11,10.6,1931.8333333333333
1931,12,7.7,1931.9166666666667
1932,1,9.2,1932.0
1932,13,12.85,1932.0
1932,2,5.6,1932.0833333333333
1932,3,8.6,1932.1666666666667
1932,4,10.3,1932.25
1932,5,14.0,1932.3333333333333
1932,6,18.9,1932.4166666666667
1932,7,19.7,1932.5
1932,8,21.3,1932.5833333333333
1932,9,16.7,1932.6666666666667
1932,10,12.4,1932.75
1932,11,9.1,1932.8333333333333
1932,12,8.0,1932.9166666666667
1933,1,4.9,1933.0
1933,13,13.71,1933.0
1933,2,7.4,1933.0833333333333
1933,3,11.9,1933.1666666666667
1933,4,13.1,1933.25
1933,5,16.5,1933.3333333333333
1933,6,20.6,1933.4166666666667
1933,7,22.6,1933.5
1933,8,22.6,1933.5833333333333
1933,9,19.5,1933.6666666666667
1933,10,13.3,1933.75
1933,11,8.0,1933.8333333333333
1933,12,3.7,1933.9166666666667
1934,1,7.2,1934.0
1934,13,13.8,1934.0
1934,2,7.2,1934.0833333333333
1934,3,8.4,1934.1666666666667
1934,4,11.8,1934.25
1934,5,15.9,1934.3333333333333
1934,6,19.7,1934.4166666666667
1934,7,23.7,1934.5
1934,8,19.9,1934.5833333333333
1934,9,19.0,1934.6666666666667
1934,10,13.6,1934.75
1934,11,8.6,1934.8333333333333
1934,12,10.1,1934.9166666666667
1935,1,6.7,1935.0
1935,13,13.33,1935.0
1935,2,8.5,1935.0833333333333
1935,3,10.1,1935.1666666666667
1935,4,11.8,1935.25
1935,5,14.6,1935.3333333333333
1935,6,19.2,1935.4166666666667
1935,7,22.0,1935.5
1935,8,21.8,1935.5833333333333
1935,9,17.3,1935.6666666666667
1935,10,12.8,1935.75
1935,11,9.7,1935.8333333333333
1935,12,5.2,1935.9166666666667
1936,1,6.2,1936.0
1936,13,12.82,1936.0
1936,2,5.5,1936.0833333333333
1936,3,10.3,1936.1666666666667
1936,4,9.9,1936.25
1936,5,16.2,1936.3333333333333
1936,6,19.0,1936.4166666666667
1936,7,18.6,1936.5
1936,8,20.4,1936.5833333333333
1936,9,17.7,1936.6666666666667
1936,10,13.0,1936.75
1936,11,8.6,1936.8333333333333
1936,12,8.1,1936.9166666666667
1937,1,7.8,1937.0
1937,13,13.09,1937.0
1937,2,8.2,1937.0833333333333
1937,3,6.6,1937.1666666666667
1937,4,12.6,1937.25
1937,5,16.5,1937.3333333333333
1937,6,18.4,1937.4166666666667
1937,7,19.9,1937.5
1937,8,21.8,1937.5833333333333
1937,9,17.7,1937.6666666666667
1937,10,13.8,1937.75
1937,11,8.0,1937.8333333333333
1937,12,5.4,1937.9166666666667
1938,1,8.3,1938.0
1938,13,13.89,1938.0
1938,2,7.8,1938.0833333333333
1938,3,13.8,1938.1666666666667
1938,4,12.4,1938.25
1938,5,15.0,1938.3333333333333
1938,6,18.5,1938.4166666666667
1938,7,19.3,1938.5
1938,8,20.4,1938.5833333333333
1938,9,17.9,1938.6666666666667
1938,10,13.8,1938.75
1938,11,12.2,1938.8333333333333
1938,12,6.9,1938.9166666666667
1939,1,6.6,1939.0
1939,13,13.22,1939.0
1939,2,8.7,1939.0833333333333
1939,3,8.8,1939.1666666666667
1939,4,12.9,1939.25
1939,5,16.0,1939.3333333333333
1939,6,19.0,1939.4166666666667
1939,7,19.1,1939.5
1939,8,20.6,1939.5833333333333
1939,9,18.0,1939.6666666666667
1939,10,11.8,1939.75
1939,11,11.4,1939.8333333333333
1939,12,5.6,1939.9166666666667
1940,1,1.7,1940.0
1940,13,12.96,1940.0
1940,2,5.1,1940.0833333333333
1940,3,9.9,1940.1666666666667
1940,4,12.8,1940.25
1940,5,17.8,1940.3333333333333
1940,6,21.9,1940.4166666666667
1940,7,19.2,1940.5
1940,8,20.2,1940.5833333333333
1940,9,17.6,1940.6666666666667
1940,10,13.0,1940.75
1940,11,9.8,1940.8333333333333
1940,12,6.4,1940.9166666666667
1941,1,2.5,1941.0
1941,13,12.65,1941.0
1941,2,6.3,1941.0833333333333
1941,3,8.8,1941.1666666666667
1941,4,9.9,1941.25
1941,5,13.8,1941.3333333333333
1941,6,19.8,1941.4166666666667
1941,7,22.1,1941.5
1941,8,18.4,1941.5833333333333
1941,9,18.4,1941.6666666666667
1941,10,13.8,1941.75
1941,11,9.4,1941.8333333333333
1941,12,8.2,1941.9166666666667
1942,1,3.5,1942.0
1942,13,12.75,1942.0
1942,2,2.9,1942.0833333333333
1942,3,8.7,1942.1666666666667
1942,4,13.7,1942.25
1942,5,15.7,1942.3333333333333
1942,6,19.6,1942.4166666666667
1942,7,19.6,1942.5
1942,8,20.4,1942.5833333333333
1942,9,17.5,1942.6666666666667
1942,10,13.7,1942.75
1942,11,8.0,1942.8333333333333
1942,12,9.0,1942.9166666666667
1943,1,7.5,1943.0
1943,13,13.85,1943.0
1943,2,9.1,1943.0833333333333
1943,3,10.8,1943.1666666666667
1943,4,14.8,1943.25
1943,5,16.7,1943.3333333333333
1943,6,18.7,1943.4166666666667
1943,7,21.4,1943.5
1943,8,20.0,1943.5833333333333
1943,9,17.4,1943.6666666666667
1943,10,14.3,1943.75
1943,11,9.2,1943.8333333333333
1943,12,6.0,1943.9166666666667
1944,1,8.7,1944.0
1944,13,13.21,1944.0
1944,2,6.1,1944.0833333333333
1944,3,9.2,1944.1666666666667
1944,4,14.5,1944.25
1944,5,16.6,1944.3333333333333
1944,6,17.5,1944.4166666666667
1944,7,20.1,1944.5
1944,8,21.6,1944.5833333333333
1944,9,16.5,1944.6666666666667
1944,10,12.2,1944.75
1944,11,9.1,1944.8333333333333
1944,12,6.1,1944.9166666666667
1945,1,3.0,1945.0
1945,13,13.91,1945.0
1945,2,10.2,1945.0833333333333
1945,3,12.1,1945.1666666666667
1945,4,14.8,1945.25
1945,5,16.8,1945.3333333333333
1945,6,18.7,1945.4166666666667
1945,7,20.8,1945.5
1945,8,20.0,1945.5833333333333
1945,9,17.7,1945.6666666666667
1945,10,15.5,1945.75
1945,11,9.6,1945.8333333333333
1945,12,7.5,1945.9166666666667
1946,1,5.5,1946.0
1946,13,13.02,1946.0
1946,2,8.4,1946.0833333333333
1946,3,9.0,1946.1666666666667
1946,4,14.8,1946.25
1946,5,15.4,1946.3333333333333
1946,6,17.1,1946.4166666666667
1946,7,20.8,1946.5
1946,8,18.5,1946.5833333333333
1946,9,17.3,1946.6666666666667
1946,10,12.6,1946.75
1946,11,10.6,1946.8333333333333
1946,12,6.1,1946.9166666666667
1947,1,4.7,1947.0
1947,13,13.33,1947.0
1947,2,0.1,1947.0833333333333
1947,3,6.6,1947.1666666666667
1947,4,12.5,1947.25
1947,5,18.4,1947.3333333333333
1947,6,19.9,1947.4166666666667
1947,7,20.9,1947.5
1947,8,24.4,1947.5833333333333
1947,9,19.2,1947.6666666666667
1947,10,14.7,1947.75
1947,11,10.1,1947.8333333333333
1947,12,7.4,1947.9166666666667
1948,1,8.1,1948.0
1948,13,13.74,1948.0
1948,2,7.3,1948.0833333333333
1948,3,13.0,1948.1666666666667
1948,4,13.6,1948.25
1948,5,16.8,1948.3333333333333
1948,6,17.4,1948.4166666666667
1948,7,20.0,1948.5
1948,8,18.7,1948.5833333333333
1948,9,17.4,1948.6666666666667
1948,10,13.7,1948.75
1948,11,10.2,1948.8333333333333
1948,12,8.4,1948.9166666666667
1949,1,8.3,1949.0
1949,13,14.63,1949.0
1949,2,9.5,1949.0833333333333
1949,3,8.7,1949.1666666666667
1949,4,14.1,1949.25
1949,5,16.1,1949.3333333333333
1949,6,20.7,1949.4166666666667
1949,7,22.7,1949.5
1949,8,21.7,1949.5833333333333
1949,9,20.4,1949.6666666666667
1949,10,15.1,1949.75
1949,11,9.5,1949.8333333333333
1949,12,8.5,1949.9166666666667
1950,1,6.5,1950.0
1950,13,12.89,1950.0
1950,2,8.7,1950.0833333333333
1950,3,11.3,1950.1666666666667
1950,4,11.4,1950.25
1950,5,15.6,1950.3333333333333
1950,6,20.9,1950.4166666666667
1950,7,19.8,1950.5
1950,8,19.6,1950.5833333333333
1950,9,16.1,1950.6666666666667
1950,10,12.8,1950.75
1950,11,8.4,1950.8333333333333
1950,12,3.4,1950.9166666666667
1951,1,6.3,1951.0
1951,13,12.8,1951.0
1951,2,6.3,1951.0833333333333
1951,3,7.2,1951.1666666666667
1951,4,10.8,1951.25
1951,5,14.1,1951.3333333333333
1951,6,18.8,1951.4166666666667
1951,7,20.8,1951.5
1951,8,18.5,1951.5833333333333
1951,9,17.6,1951.6666666666667
1951,10,13.1,1951.75
1951,11,11.3,1951.8333333333333
1951,12,8.4,1951.9166666666667
1952,1,5.5,1952.0
1952,13,12.72,1952.0
1952,2,6.6,1952.0833333333333
1952,3,9.6,1952.1666666666667
1952,4,14.1,1952.25
1952,5,18.0,1952.3333333333333
1952,6,18.9,1952.4166666666667
1952,7,21.1,1952.5
1952,8,19.7,1952.5833333333333
1952,9,14.4,1952.6666666666667
1952,10,12.0,1952.75
1952,11,6.8,1952.8333333333333
1952,12,5.6,1952.9166666666667
1953,1,5.7,1953.0
1953,13,13.56,1953.0
1953,2,7.2,1953.0833333333333
1953,3,10.3,1953.1666666666667
1953,4,11.5,1953.25
1953,5,17.2,1953.3333333333333
1953,6,18.5,1953.4166666666667
1953,7,19.4,1953.5
1953,8,20.7,1953.5833333333333
1953,9,17.7,1953.6666666666667
1953,10,13.6,1953.75
1953,11,11.2,1953.8333333333333
1953,12,9.2,1953.9166666666667
1954,1,5.5,1954.0
1954,13,12.66,1954.0
1954,2,5.4,1954.0833333333333
1954,3,9.1,1954.1666666666667
1954,4,12.3,1954.25
1954,5,15.3,1954.3333333333333
1954,6,16.9,1954.4166666666667
1954,7,17.6,1954.5
1954,8,18.3,1954.5833333333333
1954,9,16.6,1954.6666666666667
1954,10,14.9,1954.75
1954,11,10.1,1954.8333333333333
1954,12,9.4,1954.9166666666667
1955,1,5.2,1955.0
1955,13,13.19,1955.0
1955,2,3.8,1955.0833333333333
1955,3,6.9,1955.1666666666667
1955,4,13.6,1955.25
1955,5,13.6,1955.3333333333333
1955,6,17.9,1955.4166666666667
1955,7,23.2,1955.5
1955,8,23.2,1955.5833333333333
1955,9,18.5,1955.6666666666667
1955,10,13.3,1955.75
1955,11,9.9,1955.8333333333333
1955,12,8.5,1955.9166666666667
1956,1,6.4,1956.0
1956,13,12.49,1956.0
1956,2,3.0,1956.0833333333333
1956,3,10.2,1956.1666666666667
1956,4,11.5,1956.25
1956,5,16.8,1956.3333333333333
1956,6,17.1,1956.4166666666667
1956,7,19.6,1956.5
1956,8,17.2,1956.5833333333333
1956,9,17.8,1956.6666666666667
1956,10,12.9,1956.75
1956,11,8.9,1956.8333333333333
1956,12,8.0,1956.9166666666667
1957,1,8.3,1957.0
1957,13,13.73,1957.0
1957,2,8.4,1957.0833333333333
1957,3,12.8,1957.1666666666667
1957,4,13.1,1957.25
1957,5,14.8,1957.3333333333333
1957,6,21.1,1957.4166666666667
1957,7,20.1,1957.5
1957,8,19.3,1957.5833333333333
1957,9,15.9,1957.6666666666667
1957,10,14.4,1957.75
1957,11,8.8,1957.8333333333333
1957,12,7.4,1957.9166666666667
1958,1,6.2,1958.0
1958,13,12.86,1958.0
1958,2,7.8,1958.0833333333333
1958,3,6.8,1958.1666666666667
1958,4,11.5,1958.25
1958,5,15.3,1958.3333333333333
1958,6,18.3,1958.4166666666667
1958,7,20.0,1958.5
1958,8,19.6,1958.5833333333333
1958,9,18.6,1958.6666666666667
1958,10,13.7,1958.75
1958,11,9.1,1958.8333333333333
1958,12,7.1,1958.9166666666667
1959,1,4.4,1959.0
1959,13,14.63,1959.0
1959,2,7.4,1959.0833333333333
1959,3,10.9,1959.1666666666667
1959,4,13.4,1959.25
1959,5,18.0,1959.3333333333333
1959,6,20.1,1959.4166666666667
1959,7,22.3,1959.5
1959,8,22.0,1959.5833333333333
1959,9,20.5,1959.6666666666667
1959,10,17.0,1959.75
1959,11,10.2,1959.8333333333333
1959,12,8.8,1959.9166666666667
1960,1,6.4,1960.0
1960,13,13.35,1960.0
1960,2,7.1,1960.0833333333333
1960,3,9.4,1960.1666666666667
1960,4,13.2,1960.25
1960,5,17.5,1960.3333333333333
1960,6,21.2,1960.4166666666667
1960,7,19.1,1960.5
1960,8,19.2,1960.5833333333333
1960,9,17.0,1960.6666666666667
1960,10,13.3,1960.75
1960,11,10.3,1960.8333333333333
1960,12,6.4,1960.9166666666667
1961,1,6.6,1961.0
1961,13,13.74,1961.0
1961,2,9.8,1961.0833333333333
1961,3,12.7,1961.1666666666667
1961,4,13.8,1961.25
1961,5,15.4,1961.3333333333333
1961,6,19.4,1961.4166666666667
1961,7,19.4,1961.5
1961,8,19.6,1961.5833333333333
1961,9,19.5,1961.6666666666667
1961,10,14.5,1961.75
1961,11,9.0,1961.8333333333333
1961,12,5.0,1961.9166666666667
1962,1,7.3,1962.0
1962,13,12.18,1962.0
1962,2,7.2,1962.0833333333333
1962,3,6.7,1962.1666666666667
1962,4,11.5,1962.25
1962,5,14.0,1962.3333333333333
1962,6,18.5,1962.4166666666667
1962,7,19.0,1962.5
1962,8,18.2,1962.5833333333333
1962,9,16.2,1962.6666666666667
1962,10,14.2,1962.75
1962,11,8.3,1962.8333333333333
1962,12,4.8,1962.9166666666667
1963,1,0.6,1963.0
1963,13,12.07,1963.0
1963,2,2.0,1963.0833333333333
1963,3,9.5,1963.1666666666667
1963,4,12.5,1963.25
1963,5,14.8,1963.3333333333333
1963,6,19.4,1963.4166666666667
1963,7,19.7,1963.5
1963,8,18.1,1963.5833333333333
1963,9,16.9,1963.6666666666667
1963,10,14.3,1963.75
1963,11,11.1,1963.8333333333333
1963,12,5.3,1963.9166666666667
1964,1,6.0,1964.0
1964,13,13.16,1964.0
1964,2,7.2,1964.0833333333333
1964,3,7.0,1964.1666666666667
1964,4,12.4,1964.25
1964,5,17.9,1964.3333333333333
1964,6,17.6,1964.4166666666667
1964,7,20.3,1964.5
1964,8,20.1,1964.5833333333333
1964,9,19.1,1964.6666666666667
1964,10,12.9,1964.75
1964,11,10.4,1964.8333333333333
1964,12,6.8,1964.9166666666667
1965,1,5.8,1965.0
1965,13,12.55,1965.0
1965,2,5.5,1965.0833333333333
1965,3,9.4,1965.1666666666667
1965,4,12.1,1965.25
1965,5,15.8,1965.3333333333333
1965,6,18.9,1965.4166666666667
1965,7,17.5,1965.5
1965,8,19.2,1965.5833333333333
1965,9,16.0,1965.6666666666667
1965,10,14.9,1965.75
1965,11,7.3,1965.8333333333333
1965,12,7.6,1965.9166666666667
1966,1,5.1,1966.0
1966,13,12.87,1966.0
1966,2,8.1,1966.0833333333333
1966,3,9.9,1966.1666666666667
1966,4,10.4,1966.25
1966,5,15.4,1966.3333333333333
1966,6,19.8,1966.4166666666667
1966,7,18.7,1966.5
1966,8,18.9,1966.5833333333333
1966,9,17.8,1966.6666666666667
1966,10,13.4,1966.75
1966,11,8.3,1966.8333333333333
1966,12,8.3,1966.9166666666667
1967,1,6.8,1967.0
1967,13,13.03,1967.0
1967,2,8.4,1967.0833333333333
1967,3,10.1,1967.1666666666667
1967,4,11.2,1967.25
1967,5,14.3,1967.3333333333333
1967,6,18.6,1967.4166666666667
1967,7,21.1,1967.5
1967,8,19.7,1967.5833333333333
1967,9,17.1,1967.6666666666667
1967,10,13.6,1967.75
1967,11,8.3,1967.8333333333333
1967,12,6.8,1967.9166666666667
1968,1,7.0,1968.0
1968,13,12.64,1968.0
1968,2,4.5,1968.0833333333333
1968,3,9.8,1968.1666666666667
1968,4,12.6,1968.25
1968,5,13.8,1968.3333333333333
1968,6,19.2,1968.4166666666667
1968,7,18.9,1968.5
1968,8,19.2,1968.5833333333333
1968,9,17.3,1968.6666666666667
1968,10,15.2,1968.75
1968,11,8.8,1968.8333333333333
1968,12,5.1,1968.9166666666667
1969,1,8.0,1969.0
1969,13,12.84,1969.0
1969,2,3.5,1969.0833333333333
1969,3,6.3,1969.1666666666667
1969,4,11.8,1969.25
1969,5,15.1,1969.3333333333333
1969,6,18.8,1969.4166666666667
1969,7,21.5,1969.5
1969,8,20.2,1969.5833333333333
1969,9,17.4,1969.6666666666667
1969,10,16.5,1969.75
1969,11,8.4,1969.8333333333333
1969,12,5.8,1969.9166666666667
1970,1,6.4,1970.0
1970,13,13.23,1970.0
1970,2,5.8,1970.0833333333333
1970,3,7.0,1970.1666666666667
1970,4,10.2,1970.25
1970,5,17.7,1970.3333333333333
1970,6,21.7,1970.4166666666667
1970,7,19.1,1970.5
1970,8,20.4,1970.5833333333333
1970,9,18.4,1970.6666666666667
1970,10,14.3,1970.75
1970,11,10.6,1970.8333333333333
1970,12,6.7,1970.9166666666667
1971,1,7.0,1971.0
1971,13,13.39,1971.0
1971,2,7.4,1971.0833333333333
1971,3,8.0,1971.1666666666667
1971,4,11.8,1971.25
1971,5,16.4,1971.3333333333333
1971,6,16.0,1971.4166666666667
1971,7,21.8,1971.5
1971,8,19.3,1971.5833333333333
1971,9,18.9,1971.6666666666667
1971,10,15.3,1971.75
1971,11,9.4,1971.8333333333333
1971,12,8.9,1971.9166666666667
1972,1,6.2,1972.0
1972,13,12.7,1972.0
1972,2,6.9,1972.0833333333333
1972,3,10.6,1972.1666666666667
1972,4,11.5,1972.25
1972,5,14.3,1972.3333333333333
1972,6,15.5,1972.4166666666667
1972,7,19.9,1972.5
1972,8,19.3,1972.5833333333333
1972,9,15.8,1972.6666666666667
1972,10,14.2,1972.75
1972,11,9.3,1972.8333333333333
1972,12,8.6,1972.9166666666667
1973,1,6.8,1973.0
1973,13,13.31,1973.0
1973,2,7.2,1973.0833333333333
1973,3,10.5,1973.1666666666667
1973,4,10.8,1973.25
1973,5,15.5,1973.3333333333333
1973,6,19.6,1973.4166666666667
1973,7,19.7,1973.5
1973,8,21.2,1973.5833333333333
1973,9,18.4,1973.6666666666667
1973,10,12.6,1973.75
1973,11,9.2,1973.8333333333333
1973,12,7.8,1973.9166666666667
1974,1,8.7,1974.0
1974,13,13.2,1974.0
1974,2,8.3,1974.0833333333333
1974,3,9.2,1974.1666666666667
1974,4,12.8,1974.25
1974,5,15.6,1974.3333333333333
1974,6,18.5,1974.4166666666667
1974,7,18.9,1974.5
1974,8,19.6,1974.5833333333333
1974,9,15.8,1974.6666666666667
1974,10,10.5,1974.75
1974,11,9.6,1974.8333333333333
1974,12,10.5,1974.9166666666667
1975,1,9.5,1975.0
1975,13,13.87,1975.0
1975,2,7.6,1975.0833333333333
1975,3,7.7,1975.1666666666667
1975,4,12.0,1975.25
1975,5,14.1,1975.3333333333333
1975,6,20.2,1975.4166666666667
1975,7,22.2,1975.5
1975,8,24.0,1975.5833333333333
1975,9,17.7,1975.6666666666667
1975,10,13.6,1975.75
1975,11,9.6,1975.8333333333333
1975,12,7.8,1975.9166666666667
1976,1,8.2,1976.0
1976,13,13.96,1976.0
1976,2,7.1,1976.0833333333333
1976,3,8.3,1976.1666666666667
1976,4,12.2,1976.25
1976,5,16.5,1976.3333333333333
1976,6,22.6,1976.4166666666667
1976,7,24.3,1976.5
1976,8,23.5,1976.5833333333333
1976,9,17.2,1976.6666666666667
1976,10,13.6,1976.75
1976,11,9.2,1976.8333333333333
1976,12,4.5,1976.9166666666667
1977,1,5.2,1977.0
1977,13,12.91,1977.0
1977,2,8.0,1977.0833333333333
1977,3,10.1,1977.1666666666667
1977,4,10.8,1977.25
1977,5,15.3,1977.3333333333333
1977,6,16.2,1977.4166666666667
1977,7,20.3,1977.5
1977,8,19.2,1977.5833333333333
1977,9,16.7,1977.6666666666667
1977,10,15.0,1977.75
1977,11,9.3,1977.8333333333333
1977,12,8.4,1977.9166666666667
1978,1,5.9,1978.0
1978,13,12.93,1978.0
1978,2,5.4,1978.0833333333333
1978,3,10.2,1978.1666666666667
1978,4,10.0,1978.25
1978,5,16.3,1978.3333333333333
1978,6,17.8,1978.4166666666667
1978,7,18.7,1978.5
1978,8,18.8,1978.5833333333333
1978,9,18.0,1978.6666666666667
1978,10,15.5,1978.75
1978,11,11.5,1978.8333333333333
1978,12,6.5,1978.9166666666667
1979,1,2.8,1979.0
1979,13,12.37,1979.0
1979,2,3.6,1979.0833333333333
1979,3,7.6,1979.1666666666667
1979,4,11.3,1979.25
1979,5,14.0,1979.3333333333333
1979,6,18.0,1979.4166666666667
1979,7,20.5,1979.5
1979,8,19.0,1979.5833333333333
1979,9,17.7,1979.6666666666667
1979,10,15.0,1979.75
1979,11,10.0,1979.8333333333333
1979,12,8.3,1979.9166666666667
1980,1,5.0,1980.0
1980,13,12.97,1980.0
1980,2,8.8,1980.0833333333333
1980,3,7.8,1980.1666666666667
1980,4,13.1,1980.25
1980,5,16.3,1980.3333333333333
1980,6,17.7,1980.4166666666667
1980,7,18.6,1980.5
1980,8,19.9,1980.5833333333333
1980,9,18.4,1980.6666666666667
1980,10,12.4,1980.75
1980,11,9.1,1980.8333333333333
1980,12,8.5,1980.9166666666667
1981,1,7.6,1981.0
1981,13,12.79,1981.0
1981,2,6.0,1981.0833333333333
1981,3,10.6,1981.1666666666667
1981,4,11.6,1981.25
1981,5,15.3,1981.3333333333333
1981,6,16.8,1981.4166666666667
1981,7,19.5,1981.5
1981,8,20.9,1981.5833333333333
1981,9,18.8,1981.6666666666667
1981,10,11.9,1981.75
1981,11,10.8,1981.8333333333333
1981,12,3.3,1981.9166666666667
1982,1,5.6,1982.0
1982,13,13.58,1982.0
1982,2,7.7,1982.0833333333333
1982,3,9.8,1982.1666666666667
1982,4,12.9,1982.25
1982,5,16.7,1982.3333333333333
1982,6,19.7,1982.4166666666667
1982,7,21.0,1982.5
1982,8,19.6,1982.5833333333333
1982,9,18.6,1982.6666666666667
1982,10,13.2,1982.75
1982,11,10.5,1982.8333333333333
1982,12,7.3,1982.9166666666667
1983,1,9.3,1983.0
1983,13,13.69,1983.0
1983,2,4.3,1983.0833333333333
1983,3,9.5,1983.1666666666667
1983,4,10.6,1983.25
1983,5,14.1,1983.3333333333333
1983,6,18.6,1983.4166666666667
1983,7,25.0,1983.5
1983,8,22.5,1983.5833333333333
1983,9,17.0,1983.6666666666667
1983,10,13.9,1983.75
1983,11,10.2,1983.8333333333333
1983,12,8.4,1983.9166666666667
1984,1,6.6,1984.0
1984,13,13.57,1984.0
1984,2,6.2,1984.0833333333333
1984,3,7.6,1984.1666666666667
1984,4,13.3,1984.25
1984,5,14.6,1984.3333333333333
1984,6,19.0,1984.4166666666667
1984,7,22.6,1984.5
1984,8,22.8,1984.5833333333333
1984,9,17.0,1984.6666666666667
1984,10,14.4,1984.75
1984,11,10.5,1984.8333333333333
1984,12,8.0,1984.9166666666667
1985,1,3.7,1985.0
1985,13,12.37,1985.0
1985,2,5.1,1985.0833333333333
1985,3,8.3,1985.1666666666667
1985,4,12.0,1985.25
1985,5,14.9,1985.3333333333333
1985,6,16.8,1985.4166666666667
1985,7,20.3,1985.5
1985,8,18.1,1985.5833333333333
1985,9,18.7,1985.6666666666667
1985,10,14.3,1985.75
1985,11,7.0,1985.8333333333333
1985,12,8.7,1985.9166666666667
1986,1,6.1,1986.0
1986,13,12.36,1986.0
1986,2,1.2,1986.0833333333333
1986,3,8.6,1986.1666666666667
1986,4,9.3,1986.25
1986,5,15.0,1986.3333333333333
1986,6,19.5,1986.4166666666667
1986,7,19.8,1986.5
1986,8,17.4,1986.5833333333333
1986,9,16.0,1986.6666666666667
1986,10,14.6,1986.75
1986,11,10.9,1986.8333333333333
1986,12,9.1,1986.9166666666667
1987,1,3.2,1987.0
1987,13,12.49,1987.0
1987,2,6.8,1987.0833333333333
1987,3,7.1,1987.1666666666667
1987,4,14.6,1987.25
1987,5,14.4,1987.3333333333333
1987,6,16.5,1987.4166666666667
1987,7,19.9,1987.5
1987,8,19.6,1987.5833333333333
1987,9,17.5,1987.6666666666667
1987,10,13.2,1987.75
1987,11,8.9,1987.8333333333333
1987,12,7.9,1987.9166666666667
1988,1,7.8,1988.0
1988,13,13.3,1988.0
1988,2,7.7,1988.0833333333333
1988,3,9.4,1988.1666666666667
1988,4,12.2,1988.25
1988,5,16.6,1988.3333333333333
1988,6,18.6,1988.4166666666667
1988,7,18.1,1988.5
1988,8,19.5,1988.5833333333333
1988,9,16.9,1988.6666666666667
1988,10,13.7,1988.75
1988,11,9.0,1988.8333333333333
1988,12,9.8,1988.9166666666667
1989,1,9.0,1989.0
1989,13,14.5,1989.0
1989,2,9.2,1989.0833333333333
1989,3,11.2,1989.1666666666667
1989,4,10.3,1989.25
1989,5,18.4,1989.3333333333333
1989,6,19.9,1989.4166666666667
1989,7,23.4,1989.5
1989,8,21.5,1989.5833333333333
1989,9,18.7,1989.6666666666667
1989,10,15.0,1989.75
1989,11,9.5,1989.8333333333333
1989,12,7.4,1989.9166666666667
1990,1,9.3,1990.0
1990,13,14.6,1990.0
1990,2,10.2,1990.0833333333333
1990,3,12.0,1990.1666666666667
1990,4,12.9,1990.25
1990,5,18.3,1990.3333333333333
1990,6,17.6,1990.4166666666667
1990,7,22.6,1990.5
1990,8,23.0,1990.5833333333333
1990,9,17.4,1990.6666666666667
1990,10,15.0,1990.75
1990,11,9.5,1990.8333333333333
1990,12,6.9,1990.9166666666667
1991,1,6.1,1991.0
1991,13,13.26,1991.0
1991,2,4.9,1991.0833333333333
1991,3,11.3,1991.1666666666667
1991,4,11.9,1991.25
1991,5,14.7,1991.3333333333333
1991,6,16.0,1991.4166666666667
1991,7,21.6,1991.5
1991,8,22.0,1991.5833333333333
1991,9,19.7,1991.6666666666667
1991,10,13.2,1991.75
1991,11,9.7,1991.8333333333333
1991,12,7.4,1991.9166666666667
1992,1,6.1,1992.0
1992,13,13.47,1992.0
1992,2,8.7,1992.0833333333333
1992,3,10.6,1992.1666666666667
1992,4,12.5,1992.25
1992,5,19.0,1992.3333333333333
1992,6,20.8,1992.4166666666667
1992,7,20.1,1992.5
1992,8,19.2,1992.5833333333333
1992,9,16.9,1992.6666666666667
1992,10,10.9,1992.75
1992,11,10.5,1992.8333333333333
1992,12,6.3,1992.9166666666667
1993,1,9.0,1993.0
1993,13,13.02,1993.0
1993,2,6.9,1993.0833333333333
1993,3,10.3,1993.1666666666667
1993,4,13.1,1993.25
1993,5,15.7,1993.3333333333333
1993,6,19.5,1993.4166666666667
1993,7,19.0,1993.5
1993,8,19.0,1993.5833333333333
1993,9,16.1,1993.6666666666667
1993,10,11.8,1993.75
1993,11,7.3,1993.8333333333333
1993,12,8.1,1993.9166666666667
1994,1,8.0,1994.0
1994,13,13.81,1994.0
1994,2,6.1,1994.0833333333333
1994,3,10.7,1994.1666666666667
1994,4,11.9,1994.25
1994,5,14.5,1994.3333333333333
1994,6,18.8,1994.4166666666667
1994,7,23.2,1994.5
1994,8,20.1,1994.5833333333333
1994,9,16.1,1994.6666666666667
1994,10,13.8,1994.75
1994,11,12.5,1994.8333333333333
1994,12,9.4,1994.9166666666667
1995,1,7.8,1995.0
1995,13,14.45,1995.0
1995,2,9.3,1995.0833333333333
1995,3,9.4,1995.1666666666667
1995,4,13.3,1995.25
1995,5,16.4,1995.3333333333333
1995,6,18.7,1995.4166666666667
1995,7,23.7,1995.5
1995,8,25.1,1995.5833333333333
1995,9,17.5,1995.6666666666667
1995,10,16.5,1995.75
1995,11,10.8,1995.8333333333333
1995,12,4.5,1995.9166666666667
1996,1,6.0,1996.0
1996,13,12.89,1996.0
1996,2,5.5,1996.0833333333333
1996,3,7.4,1996.1666666666667
1996,4,12.8,1996.25
1996,5,13.4,1996.3333333333333
1996,6,19.7,1996.4166666666667
1996,7,21.4,1996.5
1996,8,21.1,1996.5833333333333
1996,9,17.7,1996.6666666666667
1996,10,15.0,1996.75
1996,11,9.1,1996.8333333333333
1996,12,5.4,1996.9166666666667
1997,1,5.1,1997.0
1997,13,14.39,1997.0
1997,2,9.6,1997.0833333333333
1997,3,12.1,1997.1666666666667
1997,4,13.5,1997.25
1997,5,16.5,1997.3333333333333
1997,6,18.0,1997.4166666666667
1997,7,21.3,1997.5
1997,8,23.7,1997.5833333333333
1997,9,18.3,1997.6666666666667
1997,10,14.3,1997.75
1997,11,11.4,1997.8333333333333
1997,12,8.5,1997.9166666666667
1998,1,7.9,1998.0
1998,13,13.96,1998.0
1998,2,10.7,1998.0833333333333
1998,3,11.2,1998.1666666666667
1998,4,11.4,1998.25
1998,5,17.9,1998.3333333333333
1998,6,17.9,1998.4166666666667
1998,7,19.4,1998.5
1998,8,20.7,1998.5833333333333
1998,9,18.6,1998.6666666666667
1998,10,13.7,1998.75
1998,11,9.1,1998.8333333333333
1998,12,8.7,1998.9166666666667
1999,1,8.5,1999.0
1999,13,14.43,1999.0
1999,2,8.1,1999.0833333333333
1999,3,10.8,1999.1666666666667
1999,4,13.6,1999.25
1999,5,17.2,1999.3333333333333
1999,6,18.3,1999.4166666666667
1999,7,23.0,1999.5
1999,8,20.5,1999.5833333333333
1999,9,19.9,1999.6666666666667
1999,10,14.4,1999.75
1999,11,10.6,1999.8333333333333
1999,12,7.8,1999.9166666666667
2000,1,7.8,2e3
2000,13,13.9,2e3
2000,2,9.5,2000.0833333333333
2000,3,11.0,2000.1666666666667
2000,4,11.7,2000.25
2000,5,16.5,2000.3333333333333
2000,6,19.4,2000.4166666666667
2000,7,19.7,2000.5
2000,8,21.3,2000.5833333333333
2000,9,18.5,2000.6666666666667
2000,10,13.5,2000.75
2000,11,9.9,2000.8333333333333
2000,12,7.9,2000.9166666666667
2001,1,6.0,2001.0
2001,13,13.68,2001.0
2001,2,7.8,2001.0833333333333
2001,3,8.5,2001.1666666666667
2001,4,11.5,2001.25
2001,5,17.5,2001.3333333333333
2001,6,18.8,2001.4166666666667
2001,7,21.8,2001.5
2001,8,21.1,2001.5833333333333
2001,9,16.8,2001.6666666666667
2001,10,16.4,2001.75
2001,11,10.9,2001.8333333333333
2001,12,6.6,2001.9166666666667
2002,1,8.6,2002.0
2002,13,14.36,2002.0
2002,2,10.1,2002.0833333333333
2002,3,11.5,2002.1666666666667
2002,4,14.2,2002.25
2002,5,15.9,2002.3333333333333
2002,6,18.7,2002.4166666666667
2002,7,20.4,2002.5
2002,8,21.1,2002.5833333333333
2002,9,18.8,2002.6666666666667
2002,10,13.8,2002.75
2002,11,11.3,2002.8333333333333
2002,12,7.7,2002.9166666666667
2003,1,7.2,2003.0
2003,13,14.84,2003.0
2003,2,7.5,2003.0833333333333
2003,3,12.5,2003.1666666666667
2003,4,14.7,2003.25
2003,5,16.5,2003.3333333333333
2003,6,21.1,2003.4166666666667
2003,7,22.2,2003.5
2003,8,23.5,2003.5833333333333
2003,9,19.9,2003.6666666666667
2003,10,13.4,2003.75
2003,11,11.2,2003.8333333333333
2003,12,7.9,2003.9166666666667
2004,1,8.0,2004.0
2004,13,14.08,2004.0
2004,2,8.1,2004.0833333333333
2004,3,10.2,2004.1666666666667
2004,4,13.4,2004.25
2004,5,16.6,2004.3333333333333
2004,6,19.8,2004.4166666666667
2004,7,20.2,2004.5
2004,8,21.8,2004.5833333333333
2004,9,18.8,2004.6666666666667
2004,10,13.6,2004.75
2004,11,10.1,2004.8333333333333
2004,12,8.2,2004.9166666666667
2005,1,8.7,2005.0
2005,13,14.24,2005.0
2005,2,6.9,2005.0833333333333
2005,3,10.5,2005.1666666666667
2005,4,13.0,2005.25
2005,5,15.9,2005.3333333333333
2005,6,20.2,2005.4166666666667
2005,7,21.1,2005.5
2005,8,21.2,2005.5833333333333
2005,9,19.6,2005.6666666666667
2005,10,16.1,2005.75
2005,11,9.7,2005.8333333333333
2005,12,7.5,2005.9166666666667
2006,1,6.6,2006.0
2006,13,14.55,2006.0
2006,2,6.3,2006.0833333333333
2006,3,8.2,2006.1666666666667
2006,4,12.5,2006.25
2006,5,16.5,2006.3333333333333
2006,6,21.0,2006.4166666666667
2006,7,25.6,2006.5
2006,8,19.9,2006.5833333333333
2006,9,20.9,2006.6666666666667
2006,10,16.3,2006.75
2006,11,11.5,2006.8333333333333
2006,12,8.8,2006.9166666666667
2007,1,9.7,2007.0
2007,13,14.23,2007.0
2007,2,8.7,2007.0833333333333
2007,3,11.2,2007.1666666666667
2007,4,16.4,2007.25
2007,5,16.0,2007.3333333333333
2007,6,19.3,2007.4166666666667
2007,7,19.0,2007.5
2007,8,19.7,2007.5833333333333
2007,9,17.8,2007.6666666666667
2007,10,14.4,2007.75
2007,11,10.5,2007.8333333333333
2007,12,7.7,2007.9166666666667
2008,1,9.4,2008.0
2008,13,13.61,2008.0
2008,2,9.6,2008.0833333333333
2008,3,9.4,2008.1666666666667
2008,4,12.1,2008.25
2008,5,17.9,2008.3333333333333
2008,6,18.2,2008.4166666666667
2008,7,20.5,2008.5
2008,8,19.5,2008.5833333333333
2008,9,17.2,2008.6666666666667
2008,10,13.4,2008.75
2008,11,9.6,2008.8333333333333
2008,12,6.3,2008.9166666666667
2009,1,6.0,2009.0
2009,13,13.85,2009.0
2009,2,6.7,2009.0833333333333
2009,3,11.0,2009.1666666666667
2009,4,14.6,2009.25
2009,5,16.6,2009.3333333333333
2009,6,19.7,2009.4166666666667
2009,7,20.2,2009.5
2009,8,20.8,2009.5833333333333
2009,9,18.2,2009.6666666666667
2009,10,14.9,2009.75
2009,11,11.3,2009.8333333333333
2009,12,5.8,2009.9166666666667
2010,1,3.7,2010.0
2010,13,12.64,2010.0
2010,2,5.4,2010.0833333333333
2010,3,10.1,2010.1666666666667
2010,4,13.9,2010.25
2010,5,15.4,2010.3333333333333
2010,6,20.5,2010.4166666666667
2010,7,21.3,2010.5
2010,8,19.3,2010.5833333333333
2010,9,17.6,2010.6666666666667
2010,10,13.8,2010.75
2010,11,7.9,2010.8333333333333
2010,12,2.4,2010.9166666666667
2011,1,6.2,2011.0
2011,13,14.54,2011.0
2011,2,9.0,2011.0833333333333
2011,3,10.9,2011.1666666666667
2011,4,17.1,2011.25
2011,5,16.6,2011.3333333333333
2011,6,18.5,2011.4166666666667
2011,7,19.9,2011.5
2011,8,19.4,2011.5833333333333
2011,9,19.1,2011.6666666666667
2011,10,16.3,2011.75
2011,11,12.5,2011.8333333333333
2011,12,8.7,2011.9166666666667
2012,1,8.4,2012.0
2012,13,13.43,2012.0
2012,2,6.9,2012.0833333333333
2012,3,12.8,2012.1666666666667
2012,4,11.2,2012.25
2012,5,16.3,2012.3333333333333
2012,6,17.4,2012.4166666666667
2012,7,19.6,2012.5
2012,8,20.7,2012.5833333333333
2012,9,17.3,2012.6666666666667
2012,10,12.8,2012.75
2012,11,9.8,2012.8333333333333
2012,12,7.6,2012.9166666666667
2013,1,5.6,2013.0
2013,13,13.29,2013.0
2013,2,5.9,2013.0833333333333
2013,3,5.7,2013.1666666666667
2013,4,11.9,2013.25
2013,5,14.8,2013.3333333333333
2013,6,18.1,2013.4166666666667
2013,7,24.0,2013.5
2013,8,21.4,2013.5833333333333
2013,9,17.5,2013.6666666666667
2013,10,15.4,2013.75
2013,11,9.2,2013.8333333333333
2013,12,9.4,2013.9166666666667
2014,1,8.4,2014.0
2014,13,14.75,2014.0
2014,2,8.9,2014.0833333333333
2014,3,11.9,2014.1666666666667
2014,4,14.4,2014.25
2014,5,16.3,2014.3333333333333
2014,6,19.9,2014.4166666666667
2014,7,23.0,2014.5
2014,8,19.1,2014.5833333333333
2014,9,19.6,2014.6666666666667
2014,10,15.7,2014.75
2014,11,11.3,2014.8333333333333
2014,12,8.1,2014.9166666666667
2015,1,7.4,2015.0
2015,13,14.17,2015.0
2015,2,6.9,2015.0833333333333
2015,3,10.1,2015.1666666666667
2015,4,14.2,2015.25
2015,5,14.8,2015.3333333333333
2015,6,19.0,2015.4166666666667
2015,7,20.6,2015.5
2015,8,20.1,2015.5833333333333
2015,9,17.1,2015.6666666666667
2015,10,14.6,2015.75
2015,11,12.3,2015.8333333333333
2015,12,12.3,2015.9166666666667
2016,1,8.4,2016.0
2016,13,NA,2016.0
2016,2,8.2,2016.0833333333333
2016,3,9.6,2016.1666666666667
2016,4,11.7,2016.25
2016,5,17.3,2016.3333333333333
2016,6,19.3,2016.4166666666667
2016,7,21.3,2016.5
2016,8,21.6,2016.5833333333333
2016,9,20.0,2016.6666666666667
2016,10,14.4,2016.75
2016,11,8.8,2016.8333333333333
2016,12,NA,2016.9166666666667
